timestamp,city,aqi,co,no2,o3,pm2_5,pm10,temp,humidity,hour,day,month,lag_1_aqi,aqi_change_rate,rolling_avg_7_day
2026-08-02 01:00:00+00:00,Lahore,94,525.78,11.06,23.35,32.72,36.87,25.0,50,1,2,8,95.0,-0.010526315789473684,122.04166666666667
2026-08-02 02:00:00+00:00,Lahore,94,538.38,10.25,23.85,32.7,37.14,25.0,50,2,2,8,94.0,0.0,122.0297619047619
2026-08-02 03:00:00+00:00,Lahore,97,542.51,8.72,30.45,34.07,38.71,25.0,50,3,2,8,94.0,0.031914893617021274,122.0
2026-08-02 04:00:00+00:00,Lahore,83,447.25,5.92,64.97,27.25,30.11,25.0,50,4,2,8,97.0,-0.14432989690721648,121.80357142857143
2026-08-02 05:00:00+00:00,Lahore,74,397.63,3.93,86.5,23.04,24.67,25.0,50,5,2,8,83.0,-0.10843373493975904,121.41666666666667
2026-08-02 06:00:00+00:00,Lahore,76,379.37,3.02,97.88,23.93,25.18,25.0,50,6,2,8,74.0,0.02702702702702703,120.95238095238095
2026-08-02 07:00:00+00:00,Lahore,76,365.06,2.48,105.52,24.02,25.09,25.0,50,7,2,8,76.0,0.0,120.49404761904762
2026-08-02 08:00:00+00:00,Lahore,73,346.01,2.16,109.0,22.38,23.33,25.0,50,8,2,8,76.0,-0.039473684210526314,120.0297619047619
2026-08-02 09:00:00+00:00,Lahore,69,328.4,2.03,109.55,20.47,21.35,25.0,50,9,2,8,73.0,-0.0547945205479452,119.54761904761905
2026-08-02 10:00:00+00:00,Lahore,67,324.56,2.37,108.66,19.71,20.68,25.0,50,10,2,8,69.0,-0.028985507246376812,119.04761904761905
2026-08-02 11:00:00+00:00,Lahore,68,333.08,3.24,104.93,20.35,21.57,25.0,50,11,2,8,67.0,0.014925373134328358,118.55952380952381
2026-08-02 12:00:00+00:00,Lahore,69,346.57,4.4,100.7,20.84,22.3,25.0,50,12,2,8,68.0,0.014705882352941176,118.11904761904762
2026-08-02 13:00:00+00:00,Lahore,74,381.53,6.57,90.72,22.86,24.89,25.0,50,13,2,8,69.0,0.07246376811594203,117.7202380952381
2026-08-02 14:00:00+00:00,Lahore,81,433.52,8.97,76.77,26.44,29.34,25.0,50,14,2,8,74.0,0.0945945945945946,117.30357142857143
2026-08-02 15:00:00+00:00,Lahore,89,487.46,10.7,66.18,30.22,33.91,25.0,50,15,2,8,81.0,0.09876543209876543,116.91666666666667
2026-08-02 16:00:00+00:00,Lahore,97,533.24,12.06,57.88,33.79,38.18,25.0,50,16,2,8,89.0,0.0898876404494382,116.57142857142857
2026-08-02 17:00:00+00:00,Lahore,103,560.39,12.57,53.14,36.2,41.05,25.0,50,17,2,8,97.0,0.061855670103092786,116.25
2026-08-02 18:00:00+00:00,Lahore,103,562.43,12.19,50.82,36.47,41.3,25.0,50,18,2,8,103.0,0.0,115.92261904761905
2026-08-02 19:00:00+00:00,Lahore,99,534.9,11.18,49.55,34.82,39.31,25.0,50,19,2,8,103.0,-0.038834951456310676,115.56547619047619
2026-08-02 20:00:00+00:00,Lahore,96,517.49,10.56,47.34,33.73,38.26,25.0,50,20,2,8,99.0,-0.030303030303030304,115.18452380952381
2026-08-02 21:00:00+00:00,Lahore,95,504.08,9.99,45.39,33.19,37.95,25.0,50,21,2,8,96.0,-0.010416666666666666,114.79166666666667
2026-08-02 22:00:00+00:00,Lahore,95,494.19,9.64,42.47,32.92,38.06,25.0,50,22,2,8,95.0,0.0,114.39880952380952
2026-08-02 23:00:00+00:00,Lahore,96,503.42,10.14,37.13,33.48,39.37,25.0,50,23,2,8,95.0,0.010526315789473684,114.00595238095238
2026-08-03 00:00:00+00:00,Lahore,98,517.42,10.87,32.11,34.28,41.09,25.0,50,0,3,8,96.0,0.020833333333333332,113.625
2026-08-03 01:00:00+00:00,Lahore,99,533.79,11.44,27.38,34.75,42.22,25.0,50,1,3,8,98.0,0.01020408163265306,113.25595238095238
2026-08-03 02:00:00+00:00,Lahore,100,560.94,10.87,25.3,35.25,43.56,25.0,50,2,3,8,99.0,0.010101010101010102,112.89285714285714
2026-08-03 03:00:00+00:00,Lahore,103,578.2,8.83,30.72,36.14,45.1,25.0,50,3,3,8,100.0,0.03,112.54166666666667
2026-08-03 04:00:00+00:00,Lahore,110,570.85,8.25,43.08,39.1,48.36,25.0,50,4,3,8,103.0,0.06796116504854369,112.32738095238095
2026-08-03 05:00:00+00:00,Lahore,133,571.3,7.44,60.64,48.5,58.27,25.0,50,5,3,8,110.0,0.20909090909090908,112.43452380952381
2026-08-03 06:00:00+00:00,Lahore,155,554.03,5.99,84.85,63.38,73.36,25.0,50,6,3,8,133.0,0.16541353383458646,112.74404761904762
2026-08-03 07:00:00+00:00,Lahore,152,425.95,3.2,110.57,56.73,64.6,25.0,50,7,3,8,155.0,-0.01935483870967742,113.07738095238095
2026-08-03 08:00:00+00:00,Lahore,151,405.41,2.54,115.19,55.8,61.73,25.0,50,8,3,8,152.0,-0.006578947368421052,113.42857142857143
2026-08-03 09:00:00+00:00,Lahore,151,406.55,2.55,115.3,56.1,61.14,25.0,50,9,3,8,151.0,0.0,113.79166666666667
2026-08-03 10:00:00+00:00,Lahore,151,414.16,3.21,111.72,55.58,59.93,25.0,50,10,3,8,151.0,0.0,114.1547619047619
2026-08-03 11:00:00+00:00,Lahore,144,426.24,4.44,105.02,53.16,57.09,25.0,50,11,3,8,151.0,-0.046357615894039736,114.46428571428571
2026-08-03 12:00:00+00:00,Lahore,133,437.67,6.06,97.16,48.49,52.06,25.0,50,12,3,8,144.0,-0.0763888888888889,114.70238095238095
2026-08-03 13:00:00+00:00,Lahore,125,467.59,8.41,85.19,45.42,49.21,25.0,50,13,3,8,133.0,-0.06015037593984962,114.86309523809524
2026-08-03 14:00:00+00:00,Lahore,126,516.51,10.57,71.0,45.83,50.56,25.0,50,14,3,8,125.0,0.008,114.97619047619048
2026-08-03 15:00:00+00:00,Lahore,131,564.66,11.95,60.43,47.52,53.27,25.0,50,15,3,8,126.0,0.03968253968253968,115.06547619047619
2026-08-03 16:00:00+00:00,Lahore,134,598.67,12.64,52.43,48.71,55.38,25.0,50,16,3,8,131.0,0.022900763358778626,115.13095238095238
2026-08-03 17:00:00+00:00,Lahore,137,628.18,12.87,46.68,49.95,57.44,25.0,50,17,3,8,134.0,0.022388059701492536,115.18452380952381
2026-08-03 18:00:00+00:00,Lahore,139,644.88,12.82,43.42,50.92,58.83,25.0,50,18,3,8,137.0,0.014598540145985401,115.23214285714286
2026-08-03 19:00:00+00:00,Lahore,137,615.46,11.01,48.41,50.08,57.44,25.0,50,19,3,8,139.0,-0.014388489208633094,115.26785714285714
2026-08-03 20:00:00+00:00,Lahore,137,598.72,9.82,48.2,50.05,57.29,25.0,50,20,3,8,137.0,0.0,115.30357142857143
2026-08-03 21:00:00+00:00,Lahore,138,598.88,9.52,44.05,50.59,58.2,25.0,50,21,3,8,137.0,0.0072992700729927005,115.3452380952381
2026-08-03 22:00:00+00:00,Lahore,138,601.2,9.6,39.8,50.71,58.81,25.0,50,22,3,8,138.0,0.0,115.4047619047619
2026-08-03 23:00:00+00:00,Lahore,139,607.72,9.68,35.94,51.0,59.23,25.0,50,23,3,8,138.0,0.007246376811594203,115.48214285714286
2026-08-04 00:00:00+00:00,Lahore,142,617.0,9.77,32.29,51.99,59.77,25.0,50,0,4,8,139.0,0.02158273381294964,115.58333333333333
2026-08-04 01:00:00+00:00,Lahore,147,626.4,9.67,28.97,54.06,61.47,25.0,50,1,4,8,142.0,0.035211267605633804,115.73214285714286
2026-08-04 02:00:00+00:00,Lahore,152,644.76,9.95,26.59,57.44,65.32,25.0,50,2,4,8,147.0,0.034013605442176874,115.91666666666667
2026-08-04 03:00:00+00:00,Lahore,154,660.39,10.03,27.17,60.73,69.05,25.0,50,3,4,8,152.0,0.013157894736842105,116.11904761904762
2026-08-04 04:00:00+00:00,Lahore,155,645.63,8.71,34.55,63.09,71.0,25.0,50,4,4,8,154.0,0.006493506493506494,116.41071428571429
2026-08-04 05:00:00+00:00,Lahore,156,637.05,7.79,43.55,65.79,72.91,25.0,50,5,4,8,155.0,0.0064516129032258064,116.77380952380952
2026-08-04 06:00:00+00:00,Lahore,159,623.79,6.57,59.31,70.86,77.33,25.0,50,6,4,8,156.0,0.019230769230769232,117.19047619047619
2026-08-04 07:00:00+00:00,Lahore,146,495.62,3.54,86.1,53.78,57.76,25.0,50,7,4,8,159.0,-0.08176100628930817,117.55357142857143
2026-08-04 08:00:00+00:00,Lahore,113,433.29,2.41,95.43,40.48,43.2,25.0,50,8,4,8,146.0,-0.22602739726027396,117.73809523809524
2026-08-04 09:00:00+00:00,Lahore,103,421.47,2.27,98.26,36.11,38.39,25.0,50,9,4,8,113.0,-0.08849557522123894,117.88690476190476
2026-08-04 10:00:00+00:00,Lahore,106,459.71,4.26,87.01,37.44,40.14,25.0,50,10,4,8,103.0,0.02912621359223301,118.05357142857143
2026-08-04 11:00:00+00:00,Lahore,117,537.58,8.0,69.63,41.83,45.62,25.0,50,11,4,8,106.0,0.10377358490566038,118.26190476190476
2026-08-04 12:00:00+00:00,Lahore,126,623.07,12.8,58.9,45.5,50.26,25.0,50,12,4,8,117.0,0.07692307692307693,118.50595238095238
2026-08-04 13:00:00+00:00,Lahore,134,709.52,17.63,51.99,48.94,54.6,25.0,50,13,4,8,126.0,0.06349206349206349,118.76785714285714
2026-08-04 14:00:00+00:00,Lahore,142,761.57,18.95,43.85,52.08,58.42,25.0,50,14,4,8,134.0,0.05970149253731343,119.0297619047619
2026-08-04 15:00:00+00:00,Lahore,146,774.3,17.81,42.67,53.82,60.17,25.0,50,15,4,8,142.0,0.028169014084507043,119.26190476190476
2026-08-04 16:00:00+00:00,Lahore,148,764.6,16.55,42.44,54.56,60.72,25.0,50,16,4,8,146.0,0.0136986301369863,119.47619047619048
2026-08-04 17:00:00+00:00,Lahore,152,793.03,16.74,37.46,57.24,64.08,25.0,50,17,4,8,148.0,0.02702702702702703,119.70238095238095
2026-08-04 18:00:00+00:00,Lahore,153,816.12,16.98,33.09,59.9,67.28,25.0,50,18,4,8,152.0,0.006578947368421052,119.94642857142857
2026-08-04 19:00:00+00:00,Lahore,154,822.14,16.92,29.71,61.75,69.19,25.0,50,19,4,8,153.0,0.006535947712418301,120.2797619047619
2026-08-04 20:00:00+00:00,Lahore,155,820.52,16.48,27.7,63.64,71.03,25.0,50,20,4,8,154.0,0.006493506493506494,120.6547619047619
2026-08-04 21:00:00+00:00,Lahore,156,807.4,15.55,27.57,65.33,72.85,25.0,50,21,4,8,155.0,0.0064516129032258064,121.05357142857143
2026-08-04 22:00:00+00:00,Lahore,156,777.91,14.06,29.28,66.08,74.33,25.0,50,22,4,8,156.0,0.0,121.4702380952381
2026-08-04 23:00:00+00:00,Lahore,156,752.35,12.86,30.01,66.13,75.91,25.0,50,23,4,8,156.0,0.0,121.89285714285714
2026-08-05 00:00:00+00:00,Lahore,156,730.16,12.08,29.36,65.46,77.54,25.0,50,0,5,8,156.0,0.0,122.31547619047619
2026-08-05 01:00:00+00:00,Lahore,155,704.84,11.42,28.45,63.58,78.89,25.0,50,1,5,8,156.0,-0.00641025641025641,122.72619047619048
2026-08-05 02:00:00+00:00,Lahore,154,679.48,10.39,29.72,61.48,82.15,25.0,50,2,5,8,155.0,-0.0064516129032258064,123.125
2026-08-05 03:00:00+00:00,Lahore,153,634.26,8.38,38.73,59.54,88.65,25.0,50,3,5,8,154.0,-0.006493506493506494,123.50595238095238
2026-08-05 04:00:00+00:00,Lahore,149,507.55,5.92,60.51,54.82,98.35,25.0,50,4,5,8,153.0,-0.026143790849673203,123.83928571428571
2026-08-05 05:00:00+00:00,Lahore,151,418.51,3.82,84.14,55.76,109.52,25.0,50,5,5,8,149.0,0.013422818791946308,124.07738095238095
2026-08-05 06:00:00+00:00,Lahore,153,371.22,2.41,103.55,59.86,118.39,25.0,50,6,5,8,151.0,0.013245033112582781,124.18452380952381
2026-08-05 07:00:00+00:00,Lahore,128,293.21,1.37,103.37,46.62,97.83,25.0,50,7,5,8,153.0,-0.16339869281045752,124.0952380952381
2026-08-05 08:00:00+00:00,Lahore,500,252.52,1.06,97.11,35.44,77.21,25.0,50,8,5,8,128.0,2.90625,126.20833333333333
2026-08-05 09:00:00+00:00,Lahore,92,241.89,1.08,95.21,31.48,68.75,25.0,50,9,5,8,500.0,-0.816,125.875
2026-08-05 10:00:00+00:00,Lahore,92,265.75,2.28,87.9,31.4,66.33,25.0,50,10,5,8,92.0,0.0,125.51785714285714
2026-08-05 11:00:00+00:00,Lahore,96,316.38,4.56,82.62,33.58,67.65,25.0,50,11,5,8,92.0,0.043478260869565216,125.18452380952381
2026-08-05 12:00:00+00:00,Lahore,100,371.13,8.03,82.45,35.34,69.44,25.0,50,12,5,8,96.0,0.041666666666666664,124.88095238095238
2026-08-05 13:00:00+00:00,Lahore,104,437.11,12.72,75.48,36.76,71.01,25.0,50,13,5,8,100.0,0.04,124.63095238095238
2026-08-05 14:00:00+00:00,Lahore,107,488.3,14.68,61.08,37.77,71.74,25.0,50,14,5,8,104.0,0.028846153846153848,124.38095238095238
2026-08-05 15:00:00+00:00,Lahore,107,505.28,14.16,53.13,37.84,70.69,25.0,50,15,5,8,107.0,0.0,124.125
2026-08-05 16:00:00+00:00,Lahore,106,507.17,13.91,48.38,37.61,69.08,25.0,50,16,5,8,107.0,-0.009345794392523364,123.89285714285714
2026-08-05 17:00:00+00:00,Lahore,109,534.84,14.8,41.45,38.78,69.61,25.0,50,17,5,8,106.0,0.02830188679245283,123.73214285714286
2026-08-05 18:00:00+00:00,Lahore,111,556.84,15.52,36.49,39.76,70.02,25.0,50,18,5,8,109.0,0.01834862385321101,123.64285714285714
2026-08-05 19:00:00+00:00,Lahore,105,486.29,12.01,46.59,37.09,67.66,25.0,50,19,5,8,111.0,-0.05405405405405406,123.60119047619048
2026-08-05 20:00:00+00:00,Lahore,101,456.86,11.05,48.01,35.54,65.84,25.0,50,20,5,8,105.0,-0.0380952380952381,123.56547619047619
2026-08-05 21:00:00+00:00,Lahore,98,449.61,10.95,43.88,34.32,64.85,25.0,50,21,5,8,101.0,-0.0297029702970297,123.50595238095238
2026-08-05 22:00:00+00:00,Lahore,95,441.42,10.88,39.06,33.09,64.46,25.0,50,22,5,8,98.0,-0.030612244897959183,123.41071428571429
2026-08-05 23:00:00+00:00,Lahore,97,453.2,11.28,33.34,33.74,65.09,25.0,50,23,5,8,95.0,0.021052631578947368,123.29761904761905
2026-08-06 00:00:00+00:00,Lahore,102,475.91,11.63,28.91,35.88,66.02,25.0,50,0,6,8,97.0,0.05154639175257732,123.19047619047619
2026-08-06 01:00:00+00:00,Lahore,108,495.96,11.55,25.62,38.23,65.46,25.0,50,1,6,8,102.0,0.058823529411764705,123.07738095238095
2026-08-06 02:00:00+00:00,Lahore,113,514.85,10.61,24.88,40.33,67.46,25.0,50,2,6,8,108.0,0.046296296296296294,122.93452380952381
2026-08-06 03:00:00+00:00,Lahore,115,507.96,8.33,29.93,41.23,72.68,25.0,50,3,6,8,113.0,0.017699115044247787,122.72619047619048
2026-08-06 04:00:00+00:00,Lahore,116,447.57,6.32,44.18,41.53,82.97,25.0,50,4,6,8,115.0,0.008695652173913044,122.51190476190476
2026-08-06 05:00:00+00:00,Lahore,127,395.94,4.87,64.05,46.1,95.27,25.0,50,5,6,8,116.0,0.09482758620689655,122.35714285714286
2026-08-06 06:00:00+00:00,Lahore,148,343.7,3.13,85.3,54.4,113.09,25.0,50,6,6,8,127.0,0.16535433070866143,122.30952380952381
2026-08-06 07:00:00+00:00,Lahore,108,202.1,1.25,88.47,38.33,118.21,25.0,50,7,6,8,148.0,-0.2702702702702703,122.17857142857143
2026-08-06 08:00:00+00:00,Lahore,93,168.39,0.9,86.28,31.99,111.35,25.0,50,8,6,8,108.0,-0.1388888888888889,122.07142857142857
2026-08-06 09:00:00+00:00,Lahore,89,161.05,0.88,86.03,30.07,105.08,25.0,50,9,6,8,93.0,-0.043010752688172046,121.9702380952381
2026-08-06 10:00:00+00:00,Lahore,92,189.65,1.96,81.63,31.8,103.12,25.0,50,10,6,8,89.0,0.033707865168539325,121.88690476190476
2026-08-06 11:00:00+00:00,Lahore,103,244.13,3.79,77.09,36.15,105.64,25.0,50,11,6,8,92.0,0.11956521739130435,121.85714285714286
2026-08-06 12:00:00+00:00,Lahore,111,297.86,6.27,74.18,39.53,107.88,25.0,50,12,6,8,103.0,0.07766990291262135,121.86904761904762
2026-08-06 13:00:00+00:00,Lahore,117,354.21,9.64,67.87,41.84,109.1,25.0,50,13,6,8,111.0,0.05405405405405406,121.89880952380952
2026-08-06 14:00:00+00:00,Lahore,119,391.03,11.01,57.29,42.79,106.52,25.0,50,14,6,8,117.0,0.017094017094017096,121.89880952380952
2026-08-06 15:00:00+00:00,Lahore,117,386.67,10.04,56.65,41.96,99.02,25.0,50,15,6,8,119.0,-0.01680672268907563,121.81547619047619
2026-08-06 16:00:00+00:00,Lahore,111,342.34,8.2,64.28,39.65,85.2,25.0,50,16,6,8,117.0,-0.05128205128205128,121.57142857142857
2026-08-06 17:00:00+00:00,Lahore,119,362.63,8.73,66.66,42.74,76.43,25.0,50,17,6,8,111.0,0.07207207207207207,121.33333333333333
2026-08-06 18:00:00+00:00,Lahore,131,386.72,9.07,69.48,47.84,72.58,25.0,50,18,6,8,119.0,0.10084033613445378,121.11309523809524
2026-08-06 19:00:00+00:00,Lahore,142,400.84,8.97,69.29,51.96,71.01,25.0,50,19,6,8,131.0,0.08396946564885496,120.93452380952381
2026-08-06 20:00:00+00:00,Lahore,147,413.05,8.78,65.44,54.06,70.75,25.0,50,20,6,8,142.0,0.035211267605633804,120.79761904761905
2026-08-06 21:00:00+00:00,Lahore,146,420.54,8.64,59.47,53.84,70.28,25.0,50,21,6,8,147.0,-0.006802721088435374,120.69047619047619
2026-08-06 22:00:00+00:00,Lahore,142,421.18,8.47,54.47,52.07,69.47,25.0,50,22,6,8,146.0,-0.0273972602739726,120.5952380952381
2026-08-06 23:00:00+00:00,Lahore,141,430.25,8.47,49.92,51.86,69.2,25.0,50,23,6,8,142.0,-0.007042253521126761,120.51785714285714
2026-08-07 00:00:00+00:00,Lahore,147,460.48,8.78,43.97,54.3,69.76,25.0,50,0,7,8,141.0,0.0425531914893617,120.48809523809524
2026-08-07 01:00:00+00:00,Lahore,153,511.12,9.03,37.67,59.18,71.72,25.0,50,1,7,8,147.0,0.04081632653061224,120.49404761904762
2026-08-07 02:00:00+00:00,Lahore,156,572.04,9.19,34.18,64.38,75.05,25.0,50,2,7,8,153.0,0.0196078431372549,120.50595238095238
2026-08-07 03:00:00+00:00,Lahore,157,616.14,8.77,38.04,67.47,77.4,25.0,50,3,7,8,156.0,0.00641025641025641,120.51785714285714
2026-08-07 04:00:00+00:00,Lahore,157,588.65,7.57,58.02,66.41,77.26,25.0,50,4,7,8,157.0,0.0,120.53571428571429
2026-08-07 05:00:00+00:00,Lahore,162,607.1,6.06,82.34,77.01,88.17,25.0,50,5,7,8,157.0,0.03184713375796178,120.58333333333333
2026-08-07 06:00:00+00:00,Lahore,173,638.15,4.25,116.36,97.56,108.86,25.0,50,6,7,8,162.0,0.06790123456790123,120.68452380952381
2026-08-07 07:00:00+00:00,Lahore,161,451.33,1.93,131.54,74.04,90.72,25.0,50,7,7,8,173.0,-0.06936416184971098,120.67261904761905
2026-08-07 08:00:00+00:00,Lahore,155,391.99,1.4,132.33,63.31,80.27,25.0,50,8,7,8,161.0,-0.037267080745341616,120.58928571428571
2026-08-07 09:00:00+00:00,Lahore,156,412.94,1.43,137.7,64.98,79.9,25.0,50,9,7,8,155.0,0.0064516129032258064,120.50595238095238
2026-08-07 10:00:00+00:00,Lahore,159,453.26,1.89,141.77,70.09,83.25,25.0,50,10,7,8,156.0,0.019230769230769232,120.45238095238095
2026-08-07 11:00:00+00:00,Lahore,163,508.32,2.85,143.29,78.16,90.02,25.0,50,11,7,8,159.0,0.025157232704402517,120.45833333333333
2026-08-07 12:00:00+00:00,Lahore,167,567.67,4.36,143.38,85.71,96.58,25.0,50,12,7,8,163.0,0.024539877300613498,120.5297619047619
2026-08-07 13:00:00+00:00,Lahore,171,679.05,9.06,123.4,94.79,105.59,25.0,50,13,7,8,167.0,0.023952095808383235,120.76190476190476
2026-08-07 14:00:00+00:00,Lahore,177,823.37,14.56,92.58,105.19,117.01,25.0,50,14,7,8,171.0,0.03508771929824561,121.11904761904762
2026-08-07 15:00:00+00:00,Lahore,182,950.93,17.84,71.65,114.97,128.19,25.0,50,15,7,8,177.0,0.02824858757062147,121.57738095238095
2026-08-07 16:00:00+00:00,Lahore,186,1047.6,19.91,57.74,123.89,137.78,25.0,50,16,7,8,182.0,0.02197802197802198,122.14285714285714
2026-08-07 17:00:00+00:00,Lahore,190,1108.49,20.25,49.16,130.93,144.44,25.0,50,17,7,8,186.0,0.021505376344086023,122.79166666666667
2026-08-07 18:00:00+00:00,Lahore,191,1113.76,18.84,47.26,132.21,144.22,25.0,50,18,7,8,190.0,0.005263157894736842,123.48809523809524
2026-08-07 19:00:00+00:00,Lahore,185,999.77,13.54,61.36,122.09,130.94,25.0,50,19,7,8,191.0,-0.031413612565445025,124.17857142857143
2026-08-07 20:00:00+00:00,Lahore,182,953.13,12.59,53.63,114.83,122.57,25.0,50,20,7,8,185.0,-0.016216216216216217,124.86904761904762
2026-08-07 21:00:00+00:00,Lahore,178,925.98,12.49,43.84,108.47,115.83,25.0,50,21,7,8,182.0,-0.02197802197802198,125.54761904761905
2026-08-07 22:00:00+00:00,Lahore,175,906.37,12.49,35.93,102.59,109.63,25.0,50,22,7,8,178.0,-0.016853932584269662,126.20833333333333
2026-08-07 23:00:00+00:00,Lahore,171,879.39,11.99,31.52,95.06,101.28,25.0,50,23,7,8,175.0,-0.022857142857142857,126.83928571428571
2026-08-08 00:00:00+00:00,Lahore,166,838.73,10.97,30.69,84.87,89.91,25.0,50,0,8,8,171.0,-0.029239766081871343,127.42261904761905
2026-08-08 01:00:00+00:00,Lahore,159,768.61,8.77,37.13,71.1,74.85,25.0,50,1,8,8,166.0,-0.04216867469879518,127.94642857142857
2026-08-08 02:00:00+00:00,Lahore,154,731.84,8.07,40.59,61.36,64.54,25.0,50,2,8,8,159.0,-0.031446540880503145,128.41666666666666
2026-08-08 03:00:00+00:00,Lahore,148,700.62,7.05,50.91,54.5,57.52,25.0,50,3,8,8,154.0,-0.03896103896103896,128.8154761904762
2026-08-08 04:00:00+00:00,Lahore,120,611.16,4.42,83.64,43.06,45.5,25.0,50,4,8,8,148.0,-0.1891891891891892,128.9702380952381
2026-08-08 05:00:00+00:00,Lahore,104,556.25,3.02,102.96,36.54,38.34,25.0,50,5,8,8,120.0,-0.13333333333333333,128.88690476190476
2026-08-08 06:00:00+00:00,Lahore,92,521.46,2.57,107.06,31.66,32.97,25.0,50,6,8,8,104.0,-0.11538461538461539,128.58333333333334
2026-08-08 07:00:00+00:00,Lahore,90,511.23,2.84,105.16,30.64,31.88,25.0,50,7,8,8,92.0,-0.021739130434782608,128.35119047619048
2026-08-08 08:00:00+00:00,Lahore,96,518.06,3.55,99.7,33.53,34.9,25.0,50,8,8,8,90.0,0.06666666666666667,128.23809523809524
2026-08-08 09:00:00+00:00,Lahore,97,516.16,4.09,93.92,33.84,35.24,25.0,50,9,8,8,96.0,0.010416666666666666,128.16071428571428
2026-08-08 10:00:00+00:00,Lahore,91,495.07,4.26,88.3,31.2,32.59,25.0,50,10,8,8,97.0,-0.061855670103092786,128.0654761904762
2026-08-08 11:00:00+00:00,Lahore,85,474.04,4.35,84.37,28.41,29.83,25.0,50,11,8,8,91.0,-0.06593406593406594,127.92857142857143
2026-08-08 12:00:00+00:00,Lahore,80,457.07,4.62,80.81,25.95,27.46,25.0,50,12,8,8,85.0,-0.058823529411764705,127.76190476190476
2026-08-08 13:00:00+00:00,Lahore,77,449.97,5.16,77.04,24.35,26.03,25.0,50,13,8,8,80.0,-0.0375,127.56547619047619
2026-08-08 14:00:00+00:00,Lahore,76,454.45,5.88,72.38,23.91,25.93,25.0,50,14,8,8,77.0,-0.012987012987012988,127.33928571428571
2026-08-08 15:00:00+00:00,Lahore,75,460.97,6.46,67.86,23.73,26.12,25.0,50,15,8,8,76.0,-0.013157894736842105,127.08333333333333
2026-08-08 16:00:00+00:00,Lahore,76,471.19,7.17,62.23,23.8,26.55,25.0,50,16,8,8,75.0,0.013333333333333334,126.82738095238095
2026-08-08 17:00:00+00:00,Lahore,77,491.26,8.11,55.18,24.59,27.82,25.0,50,17,8,8,76.0,0.013157894736842105,126.58333333333333
2026-08-08 18:00:00+00:00,Lahore,79,507.98,8.73,49.87,25.31,28.82,25.0,50,18,8,8,77.0,0.025974025974025976,126.375
2026-08-08 19:00:00+00:00,Lahore,80,518.96,9.12,44.84,26.08,29.49,25.0,50,19,8,8,79.0,0.012658227848101266,126.20833333333333
2026-08-08 20:00:00+00:00,Lahore,83,536.07,9.64,39.23,27.55,30.9,25.0,50,20,8,8,80.0,0.0375,126.08333333333333
2026-08-08 21:00:00+00:00,Lahore,88,556.6,10.16,34.02,29.48,32.87,25.0,50,21,8,8,83.0,0.060240963855421686,126.00595238095238
2026-08-08 22:00:00+00:00,Lahore,91,577.46,10.58,29.88,31.18,34.52,25.0,50,22,8,8,88.0,0.03409090909090909,125.96428571428571
2026-08-08 23:00:00+00:00,Lahore,94,595.28,10.49,27.76,32.74,35.77,25.0,50,23,8,8,91.0,0.03296703296703297,125.95238095238095
2026-08-09 00:00:00+00:00,Lahore,98,607.67,9.8,28.6,34.41,36.92,25.0,50,0,9,8,94.0,0.0425531914893617,125.9702380952381
2026-08-09 01:00:00+00:00,Lahore,101,617.22,8.56,32.63,35.59,37.56,25.0,50,1,9,8,98.0,0.030612244897959183,126.01190476190476
2026-08-09 02:00:00+00:00,Lahore,103,641.62,8.73,30.97,36.15,38.23,25.0,50,2,9,8,101.0,0.019801980198019802,126.06547619047619
2026-08-09 03:00:00+00:00,Lahore,106,676.85,9.35,29.29,37.34,39.76,25.0,50,3,9,8,103.0,0.02912621359223301,126.11904761904762
2026-08-09 04:00:00+00:00,Lahore,111,708.77,8.82,32.8,39.63,42.31,25.0,50,4,9,8,106.0,0.04716981132075472,126.28571428571429
2026-08-09 05:00:00+00:00,Lahore,123,712.22,7.39,45.86,44.62,47.3,25.0,50,5,9,8,111.0,0.10810810810810811,126.57738095238095
2026-08-09 06:00:00+00:00,Lahore,151,691.96,5.38,72.98,56.41,58.83,25.0,50,6,9,8,123.0,0.22764227642276422,127.02380952380952
2026-08-09 07:00:00+00:00,Lahore,115,582.03,2.32,111.28,41.3,42.41,25.0,50,7,9,8,151.0,-0.23841059602649006,127.25595238095238
2026-08-09 08:00:00+00:00,Lahore,91,536.53,1.65,119.29,31.31,32.07,25.0,50,8,9,8,115.0,-0.20869565217391303,127.36309523809524
2026-08-09 09:00:00+00:00,Lahore,88,521.47,1.61,121.22,29.6,30.33,25.0,50,9,9,8,91.0,-0.03296703296703297,127.47619047619048
2026-08-09 10:00:00+00:00,Lahore,90,529.8,2.31,116.97,30.56,31.52,25.0,50,10,9,8,88.0,0.022727272727272728,127.61309523809524
2026-08-09 11:00:00+00:00,Lahore,94,550.06,3.78,107.42,32.74,34.16,25.0,50,11,9,8,90.0,0.044444444444444446,127.76785714285714
2026-08-09 12:00:00+00:00,Lahore,97,575.63,5.69,100.17,33.99,35.84,25.0,50,12,9,8,94.0,0.031914893617021274,127.93452380952381
2026-08-09 13:00:00+00:00,Lahore,103,629.58,9.12,86.93,36.31,39.03,25.0,50,13,9,8,97.0,0.061855670103092786,128.10714285714286
2026-08-09 14:00:00+00:00,Lahore,112,702.23,12.57,68.42,39.85,43.92,25.0,50,14,9,8,103.0,0.08737864077669903,128.29166666666666
2026-08-09 15:00:00+00:00,Lahore,120,768.52,14.76,53.95,43.3,48.73,25.0,50,15,9,8,112.0,0.07142857142857142,128.47619047619048
2026-08-09 16:00:00+00:00,Lahore,128,822.53,16.33,42.84,46.38,52.88,25.0,50,16,9,8,120.0,0.06666666666666667,128.66071428571428
2026-08-09 17:00:00+00:00,Lahore,136,871.52,17.16,35.13,49.52,56.83,25.0,50,17,9,8,128.0,0.0625,128.85714285714286
2026-08-09 18:00:00+00:00,Lahore,142,907.13,17.5,30.12,52.09,59.76,25.0,50,18,9,8,136.0,0.04411764705882353,129.08928571428572
2026-08-09 19:00:00+00:00,Lahore,145,919.48,17.06,27.43,53.29,60.78,25.0,50,19,9,8,142.0,0.02112676056338028,129.36309523809524
2026-08-09 20:00:00+00:00,Lahore,147,921.32,16.17,27.36,54.34,61.63,25.0,50,20,9,8,145.0,0.013793103448275862,129.66666666666666
2026-08-09 21:00:00+00:00,Lahore,150,913.69,14.86,30.8,55.27,62.41,25.0,50,21,9,8,147.0,0.02040816326530612,129.99404761904762
2026-08-09 22:00:00+00:00,Lahore,151,900.59,13.7,34.29,55.56,62.42,25.0,50,22,9,8,150.0,0.006666666666666667,130.32738095238096
2026-08-09 23:00:00+00:00,Lahore,152,912.49,13.95,29.52,56.65,63.37,25.0,50,23,9,8,151.0,0.006622516556291391,130.66071428571428
2026-08-10 00:00:00+00:00,Lahore,152,931.16,14.45,24.49,57.95,64.65,25.0,50,0,10,8,152.0,0.0,130.98214285714286
2026-08-10 01:00:00+00:00,Lahore,153,945.11,14.63,20.53,59.2,66.36,25.0,50,1,10,8,152.0,0.006578947368421052,131.30357142857142
2026-08-10 02:00:00+00:00,Lahore,154,976.62,13.85,20.39,60.59,68.97,25.0,50,2,10,8,153.0,0.006535947712418301,131.625
2026-08-10 03:00:00+00:00,Lahore,154,981.04,11.27,32.45,61.31,70.81,25.0,50,3,10,8,154.0,0.0,131.92857142857142
2026-08-10 04:00:00+00:00,Lahore,132,692.55,4.32,100.79,48.28,55.26,25.0,50,4,10,8,154.0,-0.14285714285714285,132.0595238095238
2026-08-10 05:00:00+00:00,Lahore,121,634.08,2.55,118.15,43.62,49.25,25.0,50,5,10,8,132.0,-0.08333333333333333,131.98809523809524
2026-08-10 06:00:00+00:00,Lahore,122,620.18,1.98,125.57,43.93,49.07,25.0,50,6,10,8,121.0,0.008264462809917356,131.79166666666666
2026-08-10 07:00:00+00:00,Lahore,120,610.45,1.7,130.52,43.03,47.68,25.0,50,7,10,8,122.0,-0.01639344262295082,131.60119047619048
2026-08-10 08:00:00+00:00,Lahore,112,593.49,1.66,130.46,39.91,44.01,25.0,50,8,10,8,120.0,-0.06666666666666667,131.36904761904762
2026-08-10 09:00:00+00:00,Lahore,108,585.93,1.85,129.83,38.48,42.2,25.0,50,9,10,8,112.0,-0.03571428571428571,131.11309523809524
2026-08-10 10:00:00+00:00,Lahore,113,615.51,3.72,117.95,40.2,44.09,25.0,50,10,10,8,108.0,0.046296296296296294,130.88690476190476
2026-08-10 11:00:00+00:00,Lahore,124,677.49,7.37,102.95,44.85,49.44,25.0,50,11,10,8,113.0,0.09734513274336283,130.76785714285714
2026-08-10 12:00:00+00:00,Lahore,136,747.34,11.95,94.21,49.66,54.92,25.0,50,12,10,8,124.0,0.0967741935483871,130.78571428571428
2026-08-10 13:00:00+00:00,Lahore,149,816.75,16.01,88.79,55.01,61.09,25.0,50,13,10,8,136.0,0.09558823529411764,130.92857142857142
2026-08-10 14:00:00+00:00,Lahore,153,850.8,15.97,83.31,59.88,66.66,25.0,50,14,10,8,149.0,0.026845637583892617,131.08928571428572
2026-08-10 15:00:00+00:00,Lahore,155,858.32,14.07,81.65,63.73,70.9,25.0,50,15,10,8,153.0,0.013071895424836602,131.23214285714286
2026-08-10 16:00:00+00:00,Lahore,157,849.08,12.13,79.91,66.33,73.52,25.0,50,16,10,8,155.0,0.012903225806451613,131.36904761904762
2026-08-10 17:00:00+00:00,Lahore,157,856.55,11.26,76.45,67.9,75.26,25.0,50,17,10,8,157.0,0.0,131.48809523809524
2026-08-10 18:00:00+00:00,Lahore,157,851.27,10.3,74.35,66.56,73.79,25.0,50,18,10,8,157.0,0.0,131.5952380952381
2026-08-10 19:00:00+00:00,Lahore,154,829.98,9.21,72.41,62.07,68.96,25.0,50,19,10,8,157.0,-0.01910828025477707,131.69642857142858
2026-08-10 20:00:00+00:00,Lahore,152,818.94,8.81,67.32,57.13,64.01,25.0,50,20,10,8,154.0,-0.012987012987012988,131.78571428571428
2026-08-10 21:00:00+00:00,Lahore,143,813.96,8.72,60.71,52.66,59.91,25.0,50,21,10,8,152.0,-0.05921052631578947,131.8154761904762
2026-08-10 22:00:00+00:00,Lahore,135,811.15,8.55,55.34,49.46,57.52,25.0,50,22,10,8,143.0,-0.055944055944055944,131.79761904761904
2026-08-10 23:00:00+00:00,Lahore,131,811.87,8.28,51.7,47.77,57.28,25.0,50,23,10,8,135.0,-0.02962962962962963,131.75
2026-08-11 00:00:00+00:00,Lahore,130,816.65,8.02,48.78,47.32,58.92,25.0,50,0,11,8,131.0,-0.007633587786259542,131.67857142857142
2026-08-11 01:00:00+00:00,Lahore,131,822.92,7.79,45.46,47.88,61.86,25.0,50,1,11,8,130.0,0.007692307692307693,131.58333333333334
2026-08-11 02:00:00+00:00,Lahore,134,841.48,7.95,41.97,49.09,65.09,25.0,50,2,11,8,131.0,0.022900763358778626,131.47619047619048
2026-08-11 03:00:00+00:00,Lahore,137,858.0,8.36,41.41,50.13,67.45,25.0,50,3,11,8,134.0,0.022388059701492536,131.375
2026-08-11 04:00:00+00:00,Lahore,133,840.4,8.37,47.19,48.55,66.78,25.0,50,4,11,8,137.0,-0.029197080291970802,131.24404761904762
2026-08-11 05:00:00+00:00,Lahore,125,800.33,8.18,54.0,45.08,62.45,25.0,50,5,11,8,133.0,-0.06015037593984962,131.0595238095238
2026-08-11 06:00:00+00:00,Lahore,113,746.41,7.66,62.6,40.24,56.64,25.0,50,6,11,8,125.0,-0.096,130.78571428571428
2026-08-11 07:00:00+00:00,Lahore,90,625.17,7.13,80.74,30.55,45.08,25.0,50,7,11,8,113.0,-0.20353982300884957,130.45238095238096
2026-08-11 08:00:00+00:00,Lahore,82,557.94,6.79,88.79,26.82,39.81,25.0,50,8,11,8,90.0,-0.08888888888888889,130.26785714285714
2026-08-11 09:00:00+00:00,Lahore,81,533.56,6.29,94.25,26.36,38.42,25.0,50,9,11,8,82.0,-0.012195121951219513,130.13690476190476
2026-08-11 10:00:00+00:00,Lahore,83,531.56,6.48,94.64,27.12,38.28,25.0,50,10,11,8,81.0,0.024691358024691357,130.0
2026-08-11 11:00:00+00:00,Lahore,84,553.86,8.07,86.47,28.0,38.47,25.0,50,11,11,8,83.0,0.012048192771084338,129.80357142857142
2026-08-11 12:00:00+00:00,Lahore,83,585.08,10.18,78.24,27.49,37.07,25.0,50,12,11,8,84.0,-0.011904761904761904,129.54761904761904
2026-08-11 13:00:00+00:00,Lahore,81,619.83,11.46,73.11,26.36,35.1,25.0,50,13,11,8,83.0,-0.024096385542168676,129.23214285714286
2026-08-11 14:00:00+00:00,Lahore,78,638.33,10.79,71.47,24.86,32.86,25.0,50,14,11,8,81.0,-0.037037037037037035,128.85119047619048
2026-08-11 15:00:00+00:00,Lahore,75,648.91,9.65,72.68,23.51,30.75,25.0,50,15,11,8,78.0,-0.038461538461538464,128.42857142857142
2026-08-11 16:00:00+00:00,Lahore,74,655.21,8.46,74.3,23.03,29.14,25.0,50,16,11,8,75.0,-0.013333333333333334,127.98809523809524
2026-08-11 17:00:00+00:00,Lahore,78,672.66,7.97,74.23,24.78,30.2,25.0,50,17,11,8,74.0,0.05405405405405406,127.54761904761905
2026-08-11 18:00:00+00:00,Lahore,83,684.79,7.85,71.64,27.31,32.46,25.0,50,18,11,8,78.0,0.0641025641025641,127.13095238095238
2026-08-11 19:00:00+00:00,Lahore,86,682.48,7.65,66.98,28.89,34.15,25.0,50,19,11,8,83.0,0.03614457831325301,126.72619047619048
2026-08-11 20:00:00+00:00,Lahore,89,685.93,7.7,60.76,30.25,36.16,25.0,50,20,11,8,86.0,0.03488372093023256,126.33333333333333
2026-08-11 21:00:00+00:00,Lahore,92,693.45,7.89,53.95,31.54,38.48,25.0,50,21,11,8,89.0,0.033707865168539325,125.95238095238095
2026-08-11 22:00:00+00:00,Lahore,94,698.49,8.1,47.5,32.49,39.99,25.0,50,22,11,8,92.0,0.021739130434782608,125.58333333333333
2026-08-11 23:00:00+00:00,Lahore,95,704.44,8.32,42.35,32.96,40.77,25.0,50,23,11,8,94.0,0.010638297872340425,125.2202380952381
2026-08-12 00:00:00+00:00,Lahore,95,702.93,8.45,38.68,32.92,41.54,25.0,50,0,12,8,95.0,0.0,124.85714285714286
2026-08-12 01:00:00+00:00,Lahore,94,689.76,8.42,35.92,32.57,42.19,25.0,50,1,12,8,95.0,-0.010526315789473684,124.49404761904762
2026-08-12 02:00:00+00:00,Lahore,94,685.0,8.37,34.81,32.77,43.33,25.0,50,2,12,8,94.0,0.0,124.13690476190476
2026-08-12 03:00:00+00:00,Lahore,98,692.43,7.9,39.14,34.6,45.57,25.0,50,3,12,8,94.0,0.0425531914893617,123.80952380952381
2026-08-12 04:00:00+00:00,Lahore,103,660.92,7.45,56.69,36.3,45.41,25.0,50,4,12,8,98.0,0.05102040816326531,123.53571428571429
2026-08-12 05:00:00+00:00,Lahore,109,661.53,7.17,66.08,38.93,46.64,25.0,50,5,12,8,103.0,0.05825242718446602,123.28571428571429
2026-08-12 06:00:00+00:00,Lahore,114,664.48,7.02,72.53,40.66,47.2,25.0,50,6,12,8,109.0,0.045871559633027525,123.05357142857143
2026-08-12 07:00:00+00:00,Lahore,86,607.4,5.13,90.72,28.81,33.31,25.0,50,7,12,8,114.0,-0.24561403508771928,122.80357142857143
2026-08-12 08:00:00+00:00,Lahore,70,583.71,3.74,102.3,21.03,24.38,25.0,50,8,12,8,86.0,-0.18604651162790697,120.24404761904762
2026-08-12 09:00:00+00:00,Lahore,66,579.15,3.19,108.67,19.39,22.24,25.0,50,9,12,8,70.0,-0.05714285714285714,120.08928571428571
2026-08-12 10:00:00+00:00,Lahore,67,591.76,3.26,111.54,19.82,22.45,25.0,50,10,12,8,66.0,0.015151515151515152,119.94047619047619
2026-08-12 11:00:00+00:00,Lahore,72,613.86,4.06,109.88,22.18,24.98,25.0,50,11,12,8,67.0,0.07462686567164178,119.79761904761905
2026-08-12 12:00:00+00:00,Lahore,78,637.91,5.41,109.5,24.82,27.97,25.0,50,12,12,8,72.0,0.08333333333333333,119.66666666666667
2026-08-12 13:00:00+00:00,Lahore,86,718.84,10.81,101.88,28.89,33.37,25.0,50,13,12,8,78.0,0.10256410256410256,119.55952380952381
2026-08-12 14:00:00+00:00,Lahore,97,847.83,18.31,87.7,34.18,41.1,25.0,50,14,12,8,86.0,0.12790697674418605,119.5
2026-08-12 15:00:00+00:00,Lahore,110,969.41,23.31,75.59,39.21,48.8,25.0,50,15,12,8,97.0,0.13402061855670103,119.51785714285714
2026-08-12 16:00:00+00:00,Lahore,121,1057.94,26.47,64.46,43.68,55.55,25.0,50,16,12,8,110.0,0.1,119.60714285714286
2026-08-12 17:00:00+00:00,Lahore,135,1122.58,27.73,53.81,49.44,63.09,25.0,50,17,12,8,121.0,0.11570247933884298,119.76190476190476
2026-08-12 18:00:00+00:00,Lahore,145,1159.92,27.79,42.65,53.18,67.74,25.0,50,18,12,8,135.0,0.07407407407407407,119.96428571428571
2026-08-12 19:00:00+00:00,Lahore,138,1158.72,25.65,31.29,50.41,64.37,25.0,50,19,12,8,145.0,-0.04827586206896552,120.16071428571429
2026-08-12 20:00:00+00:00,Lahore,135,1136.77,22.17,25.77,49.23,61.43,25.0,50,20,12,8,138.0,-0.021739130434782608,120.36309523809524
2026-08-12 21:00:00+00:00,Lahore,123,1034.47,16.27,36.15,44.43,53.84,25.0,50,21,12,8,135.0,-0.08888888888888889,120.51190476190476
2026-08-12 22:00:00+00:00,Lahore,99,834.44,8.8,74.86,34.93,40.95,25.0,50,22,12,8,123.0,-0.1951219512195122,120.53571428571429
2026-08-12 23:00:00+00:00,Lahore,96,805.22,7.09,82.45,33.33,38.15,25.0,50,23,12,8,99.0,-0.030303030303030304,120.5297619047619
2026-08-13 00:00:00+00:00,Lahore,93,793.14,6.6,81.9,32.26,36.37,25.0,50,0,13,8,96.0,-0.03125,120.47619047619048
2026-08-13 01:00:00+00:00,Lahore,91,783.83,6.6,75.5,31.27,35.19,25.0,50,1,13,8,93.0,-0.021505376344086023,120.375
2026-08-13 02:00:00+00:00,Lahore,90,775.92,7.14,69.57,30.5,34.95,25.0,50,2,13,8,91.0,-0.01098901098901099,120.23809523809524
2026-08-13 03:00:00+00:00,Lahore,88,765.36,7.8,68.99,29.93,34.98,25.0,50,3,13,8,90.0,-0.022222222222222223,120.07738095238095
2026-08-13 04:00:00+00:00,Lahore,77,619.62,5.47,99.91,24.65,29.14,25.0,50,4,13,8,88.0,-0.125,119.8452380952381
2026-08-13 05:00:00+00:00,Lahore,75,552.03,4.29,108.78,23.73,27.91,25.0,50,5,13,8,77.0,-0.025974025974025976,119.53571428571429
2026-08-13 06:00:00+00:00,Lahore,79,524.16,3.3,115.56,25.58,29.42,25.0,50,6,13,8,75.0,0.05333333333333334,119.125
2026-08-13 07:00:00+00:00,Lahore,84,491.96,2.48,122.46,27.67,31.1,25.0,50,7,13,8,79.0,0.06329113924050633,118.98214285714286
2026-08-13 08:00:00+00:00,Lahore,83,458.84,2.18,124.66,27.1,30.2,25.0,50,8,13,8,84.0,-0.011904761904761904,118.92261904761905
2026-08-13 09:00:00+00:00,Lahore,78,434.55,2.18,123.34,24.98,27.86,25.0,50,9,13,8,83.0,-0.060240963855421686,118.85714285714286
2026-08-13 10:00:00+00:00,Lahore,74,419.53,2.55,118.94,23.09,26.2,25.0,50,10,13,8,78.0,-0.05128205128205128,118.75
2026-08-13 11:00:00+00:00,Lahore,72,410.39,3.49,110.3,22.25,26.01,25.0,50,11,13,8,74.0,-0.02702702702702703,118.56547619047619
2026-08-13 12:00:00+00:00,Lahore,71,406.93,4.77,100.97,21.4,25.87,25.0,50,12,13,8,72.0,-0.013888888888888888,118.32738095238095
2026-08-13 13:00:00+00:00,Lahore,70,429.82,7.16,88.89,21.37,26.8,25.0,50,13,13,8,71.0,-0.014084507042253521,118.04761904761905
2026-08-13 14:00:00+00:00,Lahore,73,463.18,9.66,73.85,22.39,29.32,25.0,50,14,13,8,70.0,0.04285714285714286,117.77380952380952
2026-08-13 15:00:00+00:00,Lahore,75,480.62,11.19,60.91,23.35,32.21,25.0,50,15,13,8,73.0,0.0273972602739726,117.52380952380952
2026-08-13 16:00:00+00:00,Lahore,76,481.53,12.17,49.78,23.87,34.64,25.0,50,16,13,8,75.0,0.013333333333333334,117.31547619047619
2026-08-13 17:00:00+00:00,Lahore,77,479.56,12.74,41.04,24.35,37.03,25.0,50,17,13,8,76.0,0.013157894736842105,117.06547619047619
2026-08-13 18:00:00+00:00,Lahore,77,467.17,13.02,34.76,24.67,39.47,25.0,50,18,13,8,77.0,0.0,116.74404761904762
2026-08-13 19:00:00+00:00,Lahore,78,428.69,12.15,31.95,24.73,42.31,25.0,50,19,13,8,77.0,0.012987012987012988,116.36309523809524
2026-08-13 20:00:00+00:00,Lahore,80,407.88,11.85,29.35,25.66,46.26,25.0,50,20,13,8,78.0,0.02564102564102564,115.96428571428571
2026-08-13 21:00:00+00:00,Lahore,83,393.45,11.42,28.11,27.16,50.95,25.0,50,21,13,8,80.0,0.0375,115.58928571428571
2026-08-13 22:00:00+00:00,Lahore,87,382.65,10.91,27.99,29.04,55.91,25.0,50,22,13,8,83.0,0.04819277108433735,115.26190476190476
2026-08-13 23:00:00+00:00,Lahore,91,378.2,10.58,27.9,31.16,60.78,25.0,50,23,13,8,87.0,0.04597701149425287,114.96428571428571
2026-08-14 00:00:00+00:00,Lahore,95,375.77,10.37,27.94,33.05,65.28,25.0,50,0,14,8,91.0,0.04395604395604396,114.6547619047619
2026-08-14 01:00:00+00:00,Lahore,98,372.15,10.08,27.74,34.35,69.39,25.0,50,1,14,8,95.0,0.031578947368421054,114.32738095238095
2026-08-14 02:00:00+00:00,Lahore,101,372.4,9.01,29.24,35.54,75.54,25.0,50,2,14,8,98.0,0.030612244897959183,114.0
2026-08-14 03:00:00+00:00,Lahore,104,364.24,6.94,36.25,36.87,85.27,25.0,50,3,14,8,101.0,0.0297029702970297,113.68452380952381
2026-08-14 04:00:00+00:00,Lahore,110,313.47,4.84,56.56,39.12,98.98,25.0,50,4,14,8,104.0,0.057692307692307696,113.4047619047619
2026-08-14 05:00:00+00:00,Lahore,130,291.97,3.31,79.93,47.18,110.15,25.0,50,5,14,8,110.0,0.18181818181818182,113.21428571428571
2026-08-14 06:00:00+00:00,Lahore,148,272.92,2.15,99.94,54.71,117.58,25.0,50,6,14,8,130.0,0.13846153846153847,113.06547619047619
2026-08-14 07:00:00+00:00,Lahore,102,250.45,1.08,103.12,36.06,75.55,25.0,50,7,14,8,148.0,-0.3108108108108108,112.71428571428571
2026-08-14 08:00:00+00:00,Lahore,77,262.43,0.84,101.22,24.57,49.31,25.0,50,8,14,8,102.0,-0.24509803921568626,112.25
2026-08-14 09:00:00+00:00,Lahore,70,261.92,0.87,100.81,20.92,41.22,25.0,50,9,14,8,77.0,-0.09090909090909091,111.73809523809524
2026-08-14 10:00:00+00:00,Lahore,67,264.76,1.23,100.12,19.6,38.06,25.0,50,10,14,8,70.0,-0.04285714285714286,111.19047619047619
2026-08-14 11:00:00+00:00,Lahore,66,272.94,2.14,96.53,19.25,36.58,25.0,50,11,14,8,67.0,-0.014925373134328358,110.61309523809524
2026-08-14 12:00:00+00:00,Lahore,65,283.92,3.54,90.53,18.52,34.66,25.0,50,12,14,8,66.0,-0.015151515151515152,110.00595238095238
2026-08-14 13:00:00+00:00,Lahore,64,322.17,6.28,78.51,18.47,33.39,25.0,50,13,14,8,65.0,-0.015384615384615385,109.36904761904762
2026-08-14 14:00:00+00:00,Lahore,67,385.68,9.24,63.75,19.86,34.16,25.0,50,14,14,8,64.0,0.046875,108.71428571428571
2026-08-14 15:00:00+00:00,Lahore,71,442.8,11.0,53.71,21.75,35.43,25.0,50,15,14,8,67.0,0.05970149253731343,108.05357142857143
2026-08-14 16:00:00+00:00,Lahore,73,462.38,11.21,49.36,22.53,34.7,25.0,50,16,14,8,71.0,0.028169014084507043,107.38095238095238
2026-08-14 17:00:00+00:00,Lahore,74,473.28,10.85,47.76,23.02,34.07,25.0,50,17,14,8,73.0,0.0136986301369863,106.69047619047619
2026-08-14 18:00:00+00:00,Lahore,75,483.5,10.73,44.71,23.49,33.42,25.0,50,18,14,8,74.0,0.013513513513513514,106.0
2026-08-14 19:00:00+00:00,Lahore,74,463.36,9.89,46.52,23.07,31.83,25.0,50,19,14,8,75.0,-0.013333333333333334,105.33928571428571
2026-08-14 20:00:00+00:00,Lahore,77,463.82,9.9,40.13,24.23,32.88,25.0,50,20,14,8,74.0,0.04054054054054054,104.71428571428571
2026-08-14 21:00:00+00:00,Lahore,80,474.79,10.26,32.64,25.89,34.83,25.0,50,21,14,8,77.0,0.03896103896103896,104.13095238095238
2026-08-14 22:00:00+00:00,Lahore,83,491.75,10.85,25.67,27.49,36.57,25.0,50,22,14,8,80.0,0.0375,103.58333333333333
2026-08-14 23:00:00+00:00,Lahore,86,514.02,11.59,18.95,28.88,37.86,25.0,50,23,14,8,83.0,0.03614457831325301,103.07738095238095
2026-08-15 00:00:00+00:00,Lahore,89,539.37,12.21,14.11,30.08,39.28,25.0,50,0,15,8,86.0,0.03488372093023256,102.61904761904762
2026-08-15 01:00:00+00:00,Lahore,91,566.58,12.59,11.35,31.22,41.31,25.0,50,1,15,8,89.0,0.02247191011235955,102.21428571428571
2026-08-15 02:00:00+00:00,Lahore,94,595.51,11.92,10.58,32.31,44.28,25.0,50,2,15,8,91.0,0.03296703296703297,101.85714285714286
2026-08-15 03:00:00+00:00,Lahore,96,623.59,9.81,12.53,33.39,48.36,25.0,50,3,15,8,94.0,0.02127659574468085,101.54761904761905
2026-08-15 04:00:00+00:00,Lahore,93,514.31,7.13,32.94,31.91,53.13,25.0,50,4,15,8,96.0,-0.03125,101.38690476190476
2026-08-15 05:00:00+00:00,Lahore,93,474.73,5.8,45.82,31.93,52.59,25.0,50,5,15,8,93.0,0.0,101.32142857142857
2026-08-15 06:00:00+00:00,Lahore,106,450.12,4.69,63.4,37.6,58.49,25.0,50,6,15,8,93.0,0.13978494623655913,101.4047619047619
2026-08-15 07:00:00+00:00,Lahore,94,307.9,1.91,86.35,32.4,55.46,25.0,50,7,15,8,106.0,-0.11320754716981132,101.42857142857143
2026-08-15 08:00:00+00:00,Lahore,87,259.03,1.17,91.92,29.18,52.47,25.0,50,8,15,8,94.0,-0.07446808510638298,101.375
2026-08-15 09:00:00+00:00,Lahore,87,250.16,1.05,94.97,29.37,52.55,25.0,50,9,15,8,87.0,0.0,101.31547619047619
2026-08-15 10:00:00+00:00,Lahore,91,253.89,1.34,95.45,30.93,54.85,25.0,50,10,15,8,87.0,0.04597701149425287,101.31547619047619
2026-08-15 11:00:00+00:00,Lahore,95,265.91,2.09,93.0,33.21,58.59,25.0,50,11,15,8,91.0,0.04395604395604396,101.375
2026-08-15 12:00:00+00:00,Lahore,98,280.07,3.27,88.28,34.51,61.64,25.0,50,12,15,8,95.0,0.031578947368421054,101.48214285714286
2026-08-15 13:00:00+00:00,Lahore,101,321.55,6.31,74.59,35.63,64.64,25.0,50,13,15,8,98.0,0.030612244897959183,101.625
2026-08-15 14:00:00+00:00,Lahore,104,384.65,10.1,55.87,36.86,67.57,25.0,50,14,15,8,101.0,0.0297029702970297,101.79166666666667
2026-08-15 15:00:00+00:00,Lahore,106,438.08,12.47,42.9,37.37,69.66,25.0,50,15,15,8,104.0,0.019230769230769232,101.97619047619048
2026-08-15 16:00:00+00:00,Lahore,104,469.11,13.87,34.7,36.77,69.93,25.0,50,16,15,8,106.0,-0.018867924528301886,102.14285714285714
2026-08-15 17:00:00+00:00,Lahore,101,480.91,14.2,30.8,35.63,69.68,25.0,50,17,15,8,104.0,-0.028846153846153848,102.28571428571429
2026-08-15 18:00:00+00:00,Lahore,96,473.28,14.03,29.38,33.65,68.35,25.0,50,18,15,8,101.0,-0.04950495049504951,102.38690476190476
2026-08-15 19:00:00+00:00,Lahore,90,434.2,12.84,30.06,30.53,65.96,25.0,50,19,15,8,96.0,-0.0625,102.44642857142857
2026-08-15 20:00:00+00:00,Lahore,85,410.66,12.42,28.1,28.39,64.45,25.0,50,20,15,8,90.0,-0.05555555555555555,102.45833333333333
2026-08-15 21:00:00+00:00,Lahore,82,379.02,11.45,27.75,26.67,65.5,25.0,50,21,15,8,85.0,-0.03529411764705882,102.42261904761905
2026-08-15 22:00:00+00:00,Lahore,81,349.45,10.37,27.41,26.2,70.51,25.0,50,22,15,8,82.0,-0.012195121951219513,102.36309523809524
2026-08-15 23:00:00+00:00,Lahore,83,349.76,10.62,23.8,27.54,76.48,25.0,50,23,15,8,81.0,0.024691358024691357,102.29761904761905
2026-08-16 00:00:00+00:00,Lahore,87,354.79,11.03,21.23,29.28,83.22,25.0,50,0,16,8,83.0,0.04819277108433735,102.23214285714286
2026-08-16 01:00:00+00:00,Lahore,90,363.32,11.44,19.42,30.73,88.71,25.0,50,1,16,8,87.0,0.034482758620689655,102.16666666666667
2026-08-16 02:00:00+00:00,Lahore,93,371.44,9.72,19.89,31.9,95.09,25.0,50,2,16,8,90.0,0.03333333333333333,102.10714285714286
2026-08-16 03:00:00+00:00,Lahore,93,343.89,6.49,26.2,31.89,102.59,25.0,50,3,16,8,93.0,0.0,102.0297619047619
2026-08-16 04:00:00+00:00,Lahore,91,269.4,4.37,40.84,31.17,109.5,25.0,50,4,16,8,93.0,-0.021505376344086023,101.91071428571429
2026-08-16 05:00:00+00:00,Lahore,101,245.98,3.2,59.56,35.53,114.6,25.0,50,5,16,8,91.0,0.10989010989010989,101.7797619047619
2026-08-16 06:00:00+00:00,Lahore,117,223.87,2.02,80.59,42.1,120.98,25.0,50,6,16,8,101.0,0.15841584158415842,101.57738095238095
2026-08-16 07:00:00+00:00,Lahore,93,181.07,1.02,83.02,31.93,95.08,25.0,50,7,16,8,117.0,-0.20512820512820512,101.44642857142857
2026-08-16 08:00:00+00:00,Lahore,77,167.79,0.77,79.59,24.24,73.61,25.0,50,8,16,8,93.0,-0.17204301075268819,101.36309523809524
2026-08-16 09:00:00+00:00,Lahore,72,166.64,0.77,80.01,22.05,66.93,25.0,50,9,16,8,77.0,-0.06493506493506493,101.26785714285714
2026-08-16 10:00:00+00:00,Lahore,70,170.8,0.92,80.72,21.35,63.99,25.0,50,10,16,8,72.0,-0.027777777777777776,101.14880952380952
2026-08-16 11:00:00+00:00,Lahore,71,179.1,1.32,80.09,21.57,63.36,25.0,50,11,16,8,70.0,0.014285714285714285,101.01190476190476
2026-08-16 12:00:00+00:00,Lahore,71,189.39,1.99,77.41,21.81,63.3,25.0,50,12,16,8,71.0,0.0,100.85714285714286
2026-08-16 13:00:00+00:00,Lahore,72,217.69,3.95,67.43,22.26,63.16,25.0,50,13,16,8,71.0,0.014084507042253521,100.67261904761905
2026-08-16 14:00:00+00:00,Lahore,74,263.04,6.64,53.98,23.16,63.41,25.0,50,14,16,8,72.0,0.027777777777777776,100.44642857142857
2026-08-16 15:00:00+00:00,Lahore,76,303.13,8.37,45.34,23.99,64.08,25.0,50,15,16,8,74.0,0.02702702702702703,100.18452380952381
2026-08-16 16:00:00+00:00,Lahore,77,326.54,9.43,39.89,24.3,64.1,25.0,50,16,16,8,76.0,0.013157894736842105,99.88095238095238
2026-08-16 17:00:00+00:00,Lahore,77,337.11,9.83,36.44,24.48,64.57,25.0,50,17,16,8,77.0,0.0,99.5297619047619
2026-08-16 18:00:00+00:00,Lahore,77,334.64,9.82,33.88,24.47,65.29,25.0,50,18,16,8,77.0,0.0,99.14285714285714
2026-08-16 19:00:00+00:00,Lahore,76,315.46,9.28,32.31,24.19,66.31,25.0,50,19,16,8,77.0,-0.012987012987012988,98.73214285714286
2026-08-16 20:00:00+00:00,Lahore,77,299.68,8.92,30.65,24.35,68.46,25.0,50,20,16,8,76.0,0.013157894736842105,98.31547619047619
2026-08-16 21:00:00+00:00,Lahore,78,280.15,8.23,30.65,24.81,72.71,25.0,50,21,16,8,77.0,0.012987012987012988,97.88690476190476
2026-08-16 22:00:00+00:00,Lahore,79,256.23,7.23,32.38,25.31,78.07,25.0,50,22,16,8,78.0,0.01282051282051282,97.45833333333333
2026-08-16 23:00:00+00:00,Lahore,80,240.87,6.67,33.4,25.67,81.67,25.0,50,23,16,8,79.0,0.012658227848101266,97.0297619047619
2026-08-17 00:00:00+00:00,Lahore,79,229.02,6.3,34.16,25.59,83.79,25.0,50,0,17,8,80.0,-0.0125,96.5952380952381
2026-08-17 01:00:00+00:00,Lahore,78,221.05,6.02,34.34,25.07,84.56,25.0,50,1,17,8,79.0,-0.012658227848101266,96.14880952380952
2026-08-17 02:00:00+00:00,Lahore,77,217.32,5.51,34.68,24.41,84.9,25.0,50,2,17,8,78.0,-0.01282051282051282,95.69047619047619
2026-08-17 03:00:00+00:00,Lahore,75,212.6,4.3,37.8,23.7,85.11,25.0,50,3,17,8,77.0,-0.025974025974025976,95.2202380952381
2026-08-17 04:00:00+00:00,Lahore,71,172.02,2.49,51.84,21.7,80.53,25.0,50,4,17,8,75.0,-0.05333333333333334,94.85714285714286
2026-08-17 05:00:00+00:00,Lahore,72,157.0,1.62,63.91,22.29,78.15,25.0,50,5,17,8,71.0,0.014084507042253521,94.56547619047619
2026-08-17 06:00:00+00:00,Lahore,77,151.26,1.22,73.13,24.46,79.37,25.0,50,6,17,8,72.0,0.06944444444444445,94.29761904761905
2026-08-17 07:00:00+00:00,Lahore,79,147.57,0.96,78.39,25.19,77.66,25.0,50,7,17,8,77.0,0.025974025974025976,94.05357142857143
2026-08-17 08:00:00+00:00,Lahore,77,145.26,0.86,80.44,24.69,73.98,25.0,50,8,17,8,79.0,-0.02531645569620253,93.8452380952381
2026-08-17 09:00:00+00:00,Lahore,77,143.96,0.87,82.4,24.27,71.45,25.0,50,9,17,8,77.0,0.0,93.66071428571429
2026-08-17 10:00:00+00:00,Lahore,77,147.94,1.13,83.59,24.6,70.36,25.0,50,10,17,8,77.0,0.0,93.44642857142857
2026-08-17 11:00:00+00:00,Lahore,79,159.36,1.76,82.01,25.58,69.54,25.0,50,11,17,8,77.0,0.025974025974025976,93.17857142857143
2026-08-17 12:00:00+00:00,Lahore,80,174.1,2.77,78.09,26.04,67.86,25.0,50,12,17,8,79.0,0.012658227848101266,92.8452380952381
2026-08-17 13:00:00+00:00,Lahore,82,213.81,5.38,67.02,26.63,66.5,25.0,50,13,17,8,80.0,0.025,92.44642857142857
2026-08-17 14:00:00+00:00,Lahore,84,276.91,8.69,53.49,27.85,66.88,25.0,50,14,17,8,82.0,0.024390243902439025,92.03571428571429
2026-08-17 15:00:00+00:00,Lahore,87,331.64,10.89,44.72,29.09,68.13,25.0,50,15,17,8,84.0,0.03571428571428571,91.63095238095238
2026-08-17 16:00:00+00:00,Lahore,89,375.46,12.6,38.13,30.05,69.22,25.0,50,16,17,8,87.0,0.022988505747126436,91.22619047619048
2026-08-17 17:00:00+00:00,Lahore,91,411.58,13.67,32.29,31.04,70.67,25.0,50,17,17,8,89.0,0.02247191011235955,90.83333333333333
2026-08-17 18:00:00+00:00,Lahore,92,429.7,14.05,27.76,31.45,71.53,25.0,50,18,17,8,91.0,0.01098901098901099,90.44642857142857
2026-08-17 19:00:00+00:00,Lahore,90,420.14,13.67,24.99,30.6,70.61,25.0,50,19,17,8,92.0,-0.021739130434782608,90.06547619047619
2026-08-17 20:00:00+00:00,Lahore,88,411.34,13.14,23.17,29.91,69.95,25.0,50,20,17,8,90.0,-0.022222222222222223,89.68452380952381
2026-08-17 21:00:00+00:00,Lahore,87,397.27,12.17,23.52,29.37,70.39,25.0,50,21,17,8,88.0,-0.011363636363636364,89.35119047619048
2026-08-17 22:00:00+00:00,Lahore,86,372.51,10.83,25.52,28.55,71.41,25.0,50,22,17,8,87.0,-0.011494252873563218,89.05952380952381
2026-08-17 23:00:00+00:00,Lahore,85,365.66,10.33,25.09,28.5,71.48,25.0,50,23,17,8,86.0,-0.011627906976744186,88.78571428571429
2026-08-18 00:00:00+00:00,Lahore,86,370.0,10.23,23.88,28.84,70.86,25.0,50,0,18,8,85.0,0.011764705882352941,88.52380952380952
2026-08-18 01:00:00+00:00,Lahore,86,376.57,10.15,21.97,28.92,69.28,25.0,50,1,18,8,86.0,0.0,88.25595238095238
2026-08-18 02:00:00+00:00,Lahore,86,380.44,9.26,21.17,28.76,70.5,25.0,50,2,18,8,86.0,0.0,87.9702380952381
2026-08-18 03:00:00+00:00,Lahore,85,369.94,6.81,24.87,28.24,75.64,25.0,50,3,18,8,86.0,-0.011627906976744186,87.66071428571429
2026-08-18 04:00:00+00:00,Lahore,80,247.87,4.5,44.75,25.98,90.19,25.0,50,4,18,8,85.0,-0.058823529411764705,87.3452380952381
2026-08-18 05:00:00+00:00,Lahore,89,204.09,3.15,62.55,30.06,102.13,25.0,50,5,18,8,80.0,0.1125,87.13095238095238
2026-08-18 06:00:00+00:00,Lahore,105,185.0,2.12,80.15,37.12,113.56,25.0,50,6,18,8,89.0,0.1797752808988764,87.08333333333333
2026-08-18 07:00:00+00:00,Lahore,94,140.44,1.08,85.34,32.45,106.25,25.0,50,7,18,8,105.0,-0.10476190476190476,87.10714285714286
2026-08-18 08:00:00+00:00,Lahore,86,126.19,0.8,85.37,28.87,96.65,25.0,50,8,18,8,94.0,-0.0851063829787234,87.13095238095238
2026-08-18 09:00:00+00:00,Lahore,85,124.01,0.81,87.18,28.49,94.59,25.0,50,9,18,8,86.0,-0.011627906976744186,87.1547619047619
2026-08-18 10:00:00+00:00,Lahore,87,126.28,0.94,89.78,29.34,96.34,25.0,50,10,18,8,85.0,0.023529411764705882,87.17857142857143
2026-08-18 11:00:00+00:00,Lahore,90,131.64,1.28,90.84,30.76,99.17,25.0,50,11,18,8,87.0,0.034482758620689655,87.21428571428571
2026-08-18 12:00:00+00:00,Lahore,92,139.57,1.9,89.62,31.76,101.27,25.0,50,12,18,8,90.0,0.022222222222222223,87.26785714285714
2026-08-18 13:00:00+00:00,Lahore,95,184.5,4.88,76.51,33.05,102.24,25.0,50,13,18,8,92.0,0.03260869565217391,87.35119047619048
2026-08-18 14:00:00+00:00,Lahore,99,261.9,9.03,58.83,34.97,102.8,25.0,50,14,18,8,95.0,0.042105263157894736,87.47619047619048
2026-08-18 15:00:00+00:00,Lahore,105,332.2,12.06,47.73,36.95,103.8,25.0,50,15,18,8,99.0,0.06060606060606061,87.6547619047619
2026-08-18 16:00:00+00:00,Lahore,108,382.41,14.63,41.69,38.33,103.85,25.0,50,16,18,8,105.0,0.02857142857142857,87.85714285714286
2026-08-18 17:00:00+00:00,Lahore,111,413.05,15.9,39.45,39.36,105.08,25.0,50,17,18,8,108.0,0.027777777777777776,88.05357142857143
2026-08-18 18:00:00+00:00,Lahore,111,423.36,16.1,38.57,39.75,106.21,25.0,50,18,18,8,111.0,0.0,88.2202380952381
2026-08-18 19:00:00+00:00,Lahore,109,407.15,15.26,37.97,38.78,105.35,25.0,50,19,18,8,111.0,-0.018018018018018018,88.35714285714286
2026-08-18 20:00:00+00:00,Lahore,106,391.25,14.46,36.59,37.7,103.65,25.0,50,20,18,8,109.0,-0.027522935779816515,88.45833333333333
2026-08-18 21:00:00+00:00,Lahore,102,365.58,13.17,36.14,36.1,102.0,25.0,50,21,18,8,106.0,-0.03773584905660377,88.51785714285714
2026-08-18 22:00:00+00:00,Lahore,97,336.2,11.68,35.79,34.1,99.13,25.0,50,22,18,8,102.0,-0.049019607843137254,88.53571428571429
2026-08-18 23:00:00+00:00,Lahore,96,335.09,11.56,31.87,33.43,95.34,25.0,50,23,18,8,97.0,-0.010309278350515464,88.54166666666667
2026-08-19 00:00:00+00:00,Lahore,96,342.25,11.82,28.09,33.31,92.97,25.0,50,0,19,8,96.0,0.0,88.54761904761905
2026-08-19 01:00:00+00:00,Lahore,92,319.96,10.96,27.91,31.41,93.3,25.0,50,1,19,8,96.0,-0.041666666666666664,88.53571428571429
2026-08-19 02:00:00+00:00,Lahore,91,333.09,10.18,27.05,31.13,94.61,25.0,50,2,19,8,92.0,-0.010869565217391304,88.51785714285714
2026-08-19 03:00:00+00:00,Lahore,87,304.3,7.36,33.87,29.28,98.27,25.0,50,3,19,8,91.0,-0.04395604395604396,88.45238095238095
2026-08-19 04:00:00+00:00,Lahore,79,172.21,3.09,58.64,25.23,104.6,25.0,50,4,19,8,87.0,-0.09195402298850575,88.30952380952381
2026-08-19 05:00:00+00:00,Lahore,83,152.74,1.93,71.63,27.26,108.13,25.0,50,5,19,8,79.0,0.05063291139240506,88.1547619047619
2026-08-19 06:00:00+00:00,Lahore,91,147.2,1.39,82.29,30.94,112.52,25.0,50,6,19,8,83.0,0.0963855421686747,88.01785714285714
2026-08-19 07:00:00+00:00,Lahore,92,132.53,0.99,87.69,31.76,113.21,25.0,50,7,19,8,91.0,0.01098901098901099,88.05357142857143
2026-08-19 08:00:00+00:00,Lahore,92,126.62,0.87,90.34,31.78,110.68,25.0,50,8,19,8,92.0,0.0,88.18452380952381
2026-08-19 09:00:00+00:00,Lahore,93,125.59,0.89,93.42,32.12,108.42,25.0,50,9,19,8,92.0,0.010869565217391304,88.3452380952381
2026-08-19 10:00:00+00:00,Lahore,95,133.0,1.21,95.24,33.04,107.13,25.0,50,10,19,8,93.0,0.021505376344086023,88.51190476190476
2026-08-19 11:00:00+00:00,Lahore,98,148.97,1.94,94.4,34.35,106.2,25.0,50,11,19,8,95.0,0.031578947368421054,88.66666666666667
2026-08-19 12:00:00+00:00,Lahore,99,167.07,3.09,91.63,35.15,105.44,25.0,50,12,19,8,98.0,0.01020408163265306,88.79166666666667
2026-08-19 13:00:00+00:00,Lahore,103,202.42,5.59,82.3,36.11,105.11,25.0,50,13,19,8,99.0,0.04040404040404041,88.89285714285714
2026-08-19 14:00:00+00:00,Lahore,106,255.2,8.52,69.13,37.51,105.18,25.0,50,14,19,8,103.0,0.02912621359223301,88.94642857142857
2026-08-19 15:00:00+00:00,Lahore,109,303.23,10.57,59.02,38.87,104.82,25.0,50,15,19,8,106.0,0.02830188679245283,88.94047619047619
2026-08-19 16:00:00+00:00,Lahore,111,339.55,12.04,51.17,39.67,103.25,25.0,50,16,19,8,109.0,0.01834862385321101,88.88095238095238
2026-08-19 17:00:00+00:00,Lahore,114,373.42,13.13,45.25,40.98,103.22,25.0,50,17,19,8,111.0,0.02702702702702703,88.75595238095238
2026-08-19 18:00:00+00:00,Lahore,118,400.75,13.94,40.49,42.54,103.58,25.0,50,18,19,8,114.0,0.03508771929824561,88.5952380952381
2026-08-19 19:00:00+00:00,Lahore,121,406.05,13.99,37.51,43.59,103.64,25.0,50,19,19,8,118.0,0.025423728813559324,88.49404761904762
2026-08-19 20:00:00+00:00,Lahore,123,402.13,13.59,35.91,44.49,104.48,25.0,50,20,19,8,121.0,0.01652892561983471,88.42261904761905
2026-08-19 21:00:00+00:00,Lahore,124,393.54,13.05,34.75,44.95,105.75,25.0,50,21,19,8,123.0,0.008130081300813009,88.42857142857143
2026-08-19 22:00:00+00:00,Lahore,124,385.83,12.7,32.25,44.87,106.29,25.0,50,22,19,8,124.0,0.0,88.57738095238095
2026-08-19 23:00:00+00:00,Lahore,125,388.36,12.85,28.3,45.27,106.74,25.0,50,23,19,8,124.0,0.008064516129032258,88.75
2026-08-20 00:00:00+00:00,Lahore,126,390.28,12.99,25.2,45.6,107.52,25.0,50,0,20,8,125.0,0.008,88.94642857142857
2026-08-20 01:00:00+00:00,Lahore,126,390.84,12.85,22.88,45.58,107.85,25.0,50,1,20,8,126.0,0.0,89.1547619047619
2026-08-20 02:00:00+00:00,Lahore,125,399.13,11.89,22.37,45.23,110.75,25.0,50,2,20,8,126.0,-0.007936507936507936,89.36309523809524
2026-08-20 03:00:00+00:00,Lahore,122,390.89,8.95,28.15,43.87,117.62,25.0,50,3,20,8,125.0,-0.024,89.56547619047619
2026-08-20 04:00:00+00:00,Lahore,109,269.66,5.33,50.74,38.69,128.76,25.0,50,4,20,8,122.0,-0.10655737704918032,89.75595238095238
2026-08-20 05:00:00+00:00,Lahore,113,234.0,3.58,68.37,40.49,133.2,25.0,50,5,20,8,109.0,0.03669724770642202,89.98214285714286
2026-08-20 06:00:00+00:00,Lahore,130,217.27,2.37,87.11,47.14,140.06,25.0,50,6,20,8,113.0,0.1504424778761062,90.28571428571429
2026-08-20 07:00:00+00:00,Lahore,117,166.71,1.32,93.06,41.9,131.73,25.0,50,7,20,8,130.0,-0.1,90.48214285714286
2026-08-20 08:00:00+00:00,Lahore,104,142.91,1.02,92.46,36.82,120.29,25.0,50,8,20,8,117.0,-0.1111111111111111,90.60714285714286
2026-08-20 09:00:00+00:00,Lahore,99,138.83,1.03,93.29,35.02,112.82,25.0,50,9,20,8,104.0,-0.04807692307692308,90.73214285714286
2026-08-20 10:00:00+00:00,Lahore,100,153.56,1.68,91.3,35.2,107.98,25.0,50,10,20,8,99.0,0.010101010101010102,90.88690476190476
2026-08-20 11:00:00+00:00,Lahore,106,187.45,2.99,87.27,37.39,106.86,25.0,50,11,20,8,100.0,0.06,91.08928571428571
2026-08-20 12:00:00+00:00,Lahore,112,226.65,4.89,82.64,39.88,106.94,25.0,50,12,20,8,106.0,0.05660377358490566,91.33333333333333
2026-08-20 13:00:00+00:00,Lahore,119,298.1,9.14,69.54,43.01,106.91,25.0,50,13,20,8,112.0,0.0625,91.625
2026-08-20 14:00:00+00:00,Lahore,129,385.39,13.19,55.68,46.96,107.66,25.0,50,14,20,8,119.0,0.08403361344537816,91.95833333333333
2026-08-20 15:00:00+00:00,Lahore,138,451.54,15.41,49.69,50.61,107.98,25.0,50,15,20,8,129.0,0.06976744186046512,92.33333333333333
2026-08-20 16:00:00+00:00,Lahore,144,494.16,16.72,46.46,52.96,105.88,25.0,50,16,20,8,138.0,0.043478260869565216,92.73809523809524
2026-08-20 17:00:00+00:00,Lahore,149,529.71,17.54,42.26,54.97,103.89,25.0,50,17,20,8,144.0,0.034722222222222224,93.16666666666667
2026-08-20 18:00:00+00:00,Lahore,151,544.08,17.63,39.11,55.71,101.35,25.0,50,18,20,8,149.0,0.013422818791946308,93.60714285714286
2026-08-20 19:00:00+00:00,Lahore,145,498.3,15.33,40.67,53.34,97.73,25.0,50,19,20,8,151.0,-0.039735099337748346,94.00595238095238
2026-08-20 20:00:00+00:00,Lahore,141,484.77,14.47,37.71,51.94,95.92,25.0,50,20,20,8,145.0,-0.027586206896551724,94.36904761904762
2026-08-20 21:00:00+00:00,Lahore,139,484.16,14.25,33.27,50.98,95.92,25.0,50,21,20,8,141.0,-0.014184397163120567,94.70238095238095
2026-08-20 22:00:00+00:00,Lahore,137,475.79,13.58,31.22,50.17,98.98,25.0,50,22,20,8,139.0,-0.014388489208633094,95.0
2026-08-20 23:00:00+00:00,Lahore,136,469.18,12.93,29.52,49.72,101.03,25.0,50,23,20,8,137.0,-0.0072992700729927005,95.26785714285714
2026-08-21 00:00:00+00:00,Lahore,135,465.4,12.31,28.1,49.23,101.28,25.0,50,0,21,8,136.0,-0.007352941176470588,95.50595238095238
2026-08-21 01:00:00+00:00,Lahore,131,451.79,11.39,27.39,47.85,99.91,25.0,50,1,21,8,135.0,-0.02962962962962963,95.70238095238095
2026-08-21 02:00:00+00:00,Lahore,128,439.75,10.65,27.73,46.34,101.75,25.0,50,2,21,8,131.0,-0.022900763358778626,95.86309523809524
2026-08-21 03:00:00+00:00,Lahore,123,420.86,9.25,30.92,44.41,106.31,25.0,50,3,21,8,128.0,-0.0390625,95.97619047619048
2026-08-21 04:00:00+00:00,Lahore,117,360.39,7.5,40.56,41.9,115.89,25.0,50,4,21,8,123.0,-0.04878048780487805,96.01785714285714
2026-08-21 05:00:00+00:00,Lahore,119,317.55,5.95,52.66,42.74,124.95,25.0,50,5,21,8,117.0,0.017094017094017096,95.95238095238095
2026-08-21 06:00:00+00:00,Lahore,135,280.17,4.05,72.63,49.26,138.77,25.0,50,6,21,8,119.0,0.13445378151260504,95.875
2026-08-21 07:00:00+00:00,Lahore,124,192.54,1.8,84.66,44.76,143.87,25.0,50,7,21,8,135.0,-0.08148148148148149,96.00595238095238
2026-08-21 08:00:00+00:00,Lahore,109,151.57,1.14,84.1,38.9,136.86,25.0,50,8,21,8,124.0,-0.12096774193548387,96.19642857142857
2026-08-21 09:00:00+00:00,Lahore,102,141.3,1.08,84.11,35.94,127.48,25.0,50,9,21,8,109.0,-0.06422018348623854,96.38690476190476
2026-08-21 10:00:00+00:00,Lahore,97,139.13,1.17,84.66,33.97,118.65,25.0,50,10,21,8,102.0,-0.049019607843137254,96.56547619047619
2026-08-21 11:00:00+00:00,Lahore,94,141.99,1.45,84.71,32.66,111.3,25.0,50,11,21,8,97.0,-0.030927835051546393,96.73214285714286
2026-08-21 12:00:00+00:00,Lahore,92,147.79,2.0,83.32,31.72,105.94,25.0,50,12,21,8,94.0,-0.02127659574468085,96.89285714285714
2026-08-21 13:00:00+00:00,Lahore,93,182.2,4.45,74.0,31.9,103.31,25.0,50,13,21,8,92.0,0.010869565217391304,97.06547619047619
2026-08-21 14:00:00+00:00,Lahore,95,240.71,7.77,61.03,32.93,101.76,25.0,50,14,21,8,93.0,0.021505376344086023,97.23214285714286
2026-08-21 15:00:00+00:00,Lahore,97,292.46,10.03,52.34,33.86,99.79,25.0,50,15,21,8,95.0,0.021052631578947368,97.38690476190476
2026-08-21 16:00:00+00:00,Lahore,98,335.61,11.93,45.07,34.54,97.28,25.0,50,16,21,8,97.0,0.010309278350515464,97.53571428571429
2026-08-21 17:00:00+00:00,Lahore,101,374.97,13.37,38.84,35.63,96.56,25.0,50,17,21,8,98.0,0.030612244897959183,97.69642857142857
2026-08-21 18:00:00+00:00,Lahore,103,399.64,14.22,34.17,36.51,96.63,25.0,50,18,21,8,101.0,0.019801980198019802,97.86309523809524
2026-08-21 19:00:00+00:00,Lahore,103,397.99,14.15,31.39,36.5,96.27,25.0,50,19,21,8,103.0,0.0,98.03571428571429
2026-08-21 20:00:00+00:00,Lahore,103,383.54,13.53,30.29,36.25,96.67,25.0,50,20,21,8,103.0,0.0,98.19047619047619
2026-08-21 21:00:00+00:00,Lahore,500,347.78,11.9,32.16,35.48,99.09,25.0,50,21,21,8,103.0,3.854368932038835,100.69047619047619
2026-08-21 22:00:00+00:00,Lahore,96,282.5,8.91,38.59,33.73,104.66,25.0,50,22,21,8,500.0,-0.808,100.76785714285714
2026-08-21 23:00:00+00:00,Lahore,94,246.29,7.46,40.96,32.73,107.06,25.0,50,23,21,8,96.0,-0.020833333333333332,100.81547619047619
2026-08-22 00:00:00+00:00,Lahore,93,224.19,6.7,42.08,31.96,107.91,25.0,50,0,22,8,94.0,-0.010638297872340425,100.83928571428571
2026-08-22 01:00:00+00:00,Lahore,91,211.33,6.25,42.12,31.17,108.01,25.0,50,1,22,8,93.0,-0.021505376344086023,100.83928571428571
2026-08-22 02:00:00+00:00,Lahore,90,206.86,5.87,41.68,30.53,108.7,25.0,50,2,22,8,91.0,-0.01098901098901099,100.81547619047619
2026-08-22 03:00:00+00:00,Lahore,88,199.67,4.72,44.23,29.82,110.46,25.0,50,3,22,8,90.0,-0.022222222222222223,100.76785714285714
2026-08-22 04:00:00+00:00,Lahore,87,169.88,3.1,54.76,29.01,113.12,25.0,50,4,22,8,88.0,-0.011363636363636364,100.73214285714286
2026-08-22 05:00:00+00:00,Lahore,92,160.92,2.15,67.19,31.37,115.68,25.0,50,5,22,8,87.0,0.05747126436781609,100.72619047619048
2026-08-22 06:00:00+00:00,Lahore,102,156.01,1.5,80.15,35.94,120.21,25.0,50,6,22,8,92.0,0.10869565217391304,100.70238095238095
2026-08-22 07:00:00+00:00,Lahore,98,134.01,0.88,84.55,34.6,118.29,25.0,50,7,22,8,102.0,-0.0392156862745098,100.72619047619048
2026-08-22 08:00:00+00:00,Lahore,94,123.43,0.7,83.74,32.6,113.53,25.0,50,8,22,8,98.0,-0.04081632653061224,100.76785714285714
2026-08-22 09:00:00+00:00,Lahore,93,121.93,0.73,84.7,32.08,110.44,25.0,50,9,22,8,94.0,-0.010638297872340425,100.80357142857143
2026-08-22 10:00:00+00:00,Lahore,93,125.38,0.9,86.7,32.3,109.44,25.0,50,10,22,8,93.0,0.0,100.81547619047619
2026-08-22 10:35:17.333501+00:00,Lahore,94,132.34,1.28,87.17,32.68,108.66,35.99,49,10,22,8,0.0,0.0,0.0
2026-08-22 10:36:04.050669+00:00,Lahore,94,132.34,1.28,87.17,32.68,108.66,35.99,49,10,22,8,0.0,0.0,0.0
2026-08-22 10:39:00.966872+00:00,Lahore,94,132.34,1.28,87.17,32.68,108.66,35.99,49,10,22,8,0.0,0.0,0.0
2026-08-22 11:00:00+00:00,Lahore,94,132.34,1.28,87.17,32.68,108.66,25.0,50,11,22,8,93.0,0.010752688172043012,100.80952380952381
2026-08-22 11:25:56.951396+00:00,Lahore,94,132.34,1.28,87.17,32.68,108.66,35.99,49,11,22,8,0.0,0.0,0.0
2026-08-22 11:49:44.160133+00:00,Lahore,94,141.03,1.93,85.92,32.77,107.97,35.99,49,11,22,8,0.0,0.0,0.0
2026-08-22 12:00:00+00:00,Lahore,94,141.03,1.93,85.92,32.77,107.97,25.0,50,12,22,8,94.0,0.0,100.78571428571429
2026-08-22 12:49:38.520630+00:00,Lahore,96,177.15,4.46,74.76,33.27,106.51,33.99,59,12,22,8,0.0,0.0,0.0
2026-08-22 13:00:00+00:00,Lahore,96,177.15,4.46,74.76,33.27,106.51,25.0,50,13,22,8,94.0,0.02127659574468085,100.75595238095238
2026-08-22 13:00:51.510229+00:00,Lahore,96,177.15,4.46,74.76,33.27,106.51,33.99,59,13,22,8,0.0,0.0,0.0
